customer_id,firstname,middlename,lastname,mobile_number,username,email,password,registeredAt,createdAt,address,location_id
1,Nil,,Harburtson,530-915-2820,nharburtson0,nharburtson0@xrea.com,d149ed592c8ba84b6f3917d2bf05bbcb83e4bb508294837d8831547660a0fa4b,2022-09-29,2022-05-23,16184 Doe Crossing Court,10
2,Claus,,Narraway,552-981-6384,cnarraway1,cnarraway1@unicef.org,e2470c7ce5b1090f1e5eea32b431c7d4239385d1ebc7bcbeacda7b98d78b7a08,2021-12-29,2022-07-24,66099 Glacier Hill Hill,8
3,Pascal,,Mordin,665-837-8285,pmordin2,pmordin2@gov.uk,543327d2f06f74f56018736dd1e4ac5ec396aea8b000e2c34c94da9956683374,2021-12-11,2022-08-26,000 Arizona Crossing,7
4,Corella,,Lenormand,971-898-7250,clenormand3,clenormand3@surveymonkey.com,8e7c06b653028f31354240301c5607c3ad196a24608cd484bce9a97fa8276b6b,2022-06-05,2022-05-09,03 Kipling Pass,7
5,Noreen,,Plowes,617-365-9541,nplowes4,nplowes4@comsenz.com,8fec61cbdc0a1d1c499d0b074d9eae02779f50c406d191a0bf3cf9e53d269f3a,2021-12-06,2022-01-16,0 Bluejay Road,9
6,Kippy,,Hargreaves,968-260-2300,khargreaves5,khargreaves5@homestead.com,2ad7805cd2cf97794cac6efc6ccf5985ae427b476381daf8b2ebee5f9be1094c,2022-02-17,2022-03-26,4 Dunning Trail,12
7,Nikola,,Connal,995-140-7049,nconnal6,nconnal6@squarespace.com,89480b15f6a049805ce2afe7bfccd36b3b59b9daa41721a48916bb81fac991fa,2022-10-08,2022-05-17,1 Eliot Court,1
8,Malva,,Golthorpp,974-569-1144,mgolthorpp7,mgolthorpp7@pbs.org,dee7f5bda9d2e23e27412b3d3f79f593f016a4c96967512b11df63ad0ec14ddc,2022-10-30,2022-06-25,6 Chinook Way,3
9,Tye,,Bowhey,759-398-6153,tbowhey8,tbowhey8@cnet.com,ac522c359cd2002528845025fc15cccd18d904eee531e79368a7402f56f312d4,2022-09-13,2021-12-09,100 Judy Trail,10
10,Rachelle,,Crass,213-736-6902,rcrass9,rcrass9@springer.com,f7eaee8348568814785cd1ae2c1bd7351bab8caff9e89883cecd516c2737e99a,2021-12-04,2022-09-30,83579 Claremont Circle,10
11,Torrie,,Dunphy,129-362-0555,tdunphya,tdunphya@mac.com,c5939cbc45e8b5a48a376d85da9283f853fc26511a663f31178674abe50cfaa1,2022-07-19,2022-01-18,996 Golf Junction,1
12,Barbabas,,Powell,347-905-0398,bpowellb,bpowellb@deviantart.com,48024d610de93c0fc5d5b6232c84f67bfc31cefc42a305f5afadfc2e1cce3ff4,2022-10-22,2022-03-18,82490 Coolidge Way,4
13,Lilia,,Wehnerr,758-945-4740,lwehnerrc,lwehnerrc@gov.uk,2dc111c7058cb8b2c57f933bc1307cbd795e211f570d3cc608179dd2f0294651,2022-09-22,2022-10-31,536 Gina Trail,10
14,Enrika,,Tiddy,631-233-2448,etiddyd,etiddyd@nationalgeographic.com,5209d7edba4d6d11cdfc1a4b1ba180a71befe48e7dc4181c809ca5e8b53c52eb,2021-12-02,2022-05-31,3191 Forest Court,3
15,Christabella,,Furney,313-230-2196,cfurneye,cfurneye@sourceforge.net,6ca11d5a12cccc741fd6c539d8ba0a3dfd90e429d0d7d395e11c2a7e74822bb2,2022-07-05,2021-12-28,48 Anniversary Street,4
16,Rolfe,,Heinsius,714-352-6343,rheinsiusf,rheinsiusf@marketwatch.com,ba9839e7ff309e1c477f5250c0be00cd1280425d5310ebead2c082c921fd1b8c,2022-03-22,2022-06-29,04 Vahlen Parkway,5
17,Clywd,,Wickins,579-830-6112,cwickinsg,cwickinsg@gmpg.org,c6f66704ba2db3cead80e247741f92649c8c356b9f63f556bec458b1027ed4c5,2022-02-25,2022-10-20,9 South Lane,11
18,Daphene,,Ellingsworth,979-651-0360,dellingsworthh,dellingsworthh@independent.co.uk,dacb0df7bda1725183f4350e99052ba64e0c272743e473178cc30568f0336c63,2022-01-25,2022-01-09,1 Dovetail Junction,1
19,Boony,,Rae,700-321-9785,braei,braei@blogspot.com,27580bff2444b9b48e178faaccf917cdbe222d859920b51bfcc4f490dc682a3c,2022-10-05,2021-12-17,0637 Kennedy Center,13
20,Bobbie,,Prestney,385-663-8379,bprestneyj,bprestneyj@google.co.jp,19c8d89b9debf0cf54fe92a12642324e8b48932b54a7c871db455705ffca1ca9,2022-08-31,2022-04-26,31665 Havey Drive,9
21,Velvet,,Birkbeck,783-343-2312,vbirkbeckk,vbirkbeckk@freewebs.com,1eca923ba3b69bc6f3cea699720fc33a737315807e43cf05bb333767a19385e8,2022-09-03,2022-04-09,21 Morningstar Place,7
22,Caralie,,Jewar,808-386-3496,cjewarl,cjewarl@ovh.net,4b41eaf7add9f4aa8bb09249fce3f1ccae23e92174b5205c26aa5a03433ba488,2021-12-28,2022-05-18,60 2nd Parkway,13
23,Sharleen,,Patty,523-951-7929,spattym,spattym@ifeng.com,e262a72ed0c1fff94b45e80e48ca86eb6e467c0ac82bfcf1cde9b78cc42662af,2022-01-04,2022-07-30,943 4th Court,4
24,Dawn,,Mytton,965-517-8844,dmyttonn,dmyttonn@eventbrite.com,bb93a1640310d63ee824d31a3bd61c10244164ae9a34b7728bdf2763f58753bd,2021-12-20,2022-03-27,9 Katie Crossing,5
25,Holli,,Keaveny,470-622-3114,hkeavenyo,hkeavenyo@dedecms.com,afe0813d15b389bc7a215d793efa119a64f453814ae355b420ef15be36199df5,2022-08-08,2022-01-05,79 Morrow Parkway,5
26,Kerrin,,Pimer,919-170-1075,kpimerp,kpimerp@flickr.com,13ea824c82902b1f790c58d660e02fad8675db14167ef1ad43acfb77e4af8232,2022-03-04,2022-03-15,374 Schurz Circle,8
27,Sheila,,Spinola,466-617-1314,sspinolaq,sspinolaq@paginegialle.it,91f54fb405542afca208d142cc7954e2f3bf411dde69b322fdfb79052fdecb34,2022-01-16,2022-07-15,0 Upham Parkway,13
28,Gavra,,Hritzko,792-372-8901,ghritzkor,ghritzkor@businessinsider.com,23cda63a9b3baab92a209323c7f04ca26fad9b6a606f8c4efa3ebf4b6dfc24f0,2022-03-20,2022-06-18,773 Heffernan Pass,3
29,Kenton,,Maddin,733-603-3707,kmaddins,kmaddins@rakuten.co.jp,0b115bfbd3a855058e80f1ddbe7a7ef582a9ba74460fcf013a8057fef699cac3,2022-11-08,2022-06-13,51 Arrowood Crossing,8
30,Marven,,McLice,913-394-1577,mmclicet,mmclicet@artisteer.com,5148dd5ef9e33e90e681794ccc7734ae12d7a30dd9e910d1ebd6a524d05423e2,2022-11-12,2022-06-15,16915 Glacier Hill Plaza,2
31,Wiatt,,Klesel,669-733-4267,wkleselu,wkleselu@acquirethisname.com,9b36ece43c1e838cd1ac93816ce39001d7dd4fd27bc697bfca4dafd4849f3d3b,2021-12-31,2021-12-20,0 Dwight Terrace,15
32,Etta,,Axten,571-366-9926,eaxtenv,eaxtenv@globo.com,7c3c01ec7f8f2cbc16ff44328e38eab6e1b67771be7c438e868883cbf024240a,2022-10-07,2022-07-02,8103 Westport Lane,4
33,Hersch,,Sandbrook,884-715-3937,hsandbrookw,hsandbrookw@trellian.com,40ec075fc2e49cbd2526084c2c4b6ac69668d7d732edeb0753c0d056061b910e,2022-07-15,2022-04-10,5729 Fairview Way,2
34,Cynthy,,Follin,673-386-1446,cfollinx,cfollinx@behance.net,367e21708cc889660a8196b83d0c40c8e3a14dd0d968f5a152746eba4c557bc5,2021-12-20,2022-04-01,5179 Kensington Drive,15
35,Hana,,Howlin,539-409-7159,hhowliny,hhowliny@prlog.org,dca2d7dc2030e677f27768d59211756935570f81a93dff445b8de4d12aa1cb6b,2022-05-17,2022-08-03,9 Nelson Pass,13
36,Margo,,Hoff,510-975-9427,mhoffz,mhoffz@arizona.edu,405f07d02503fa7010ee99ad8a0a5449753e0abf43cb9cc66862b7a09a12a4f9,2021-11-26,2022-09-11,270 Hooker Way,12
37,Monika,,Gawthorpe,105-945-9278,mgawthorpe10,mgawthorpe10@is.gd,7025b2ea07fa05e048a8038ab0e4ecdeed8a18a44161c4bcf7a4392ac7039dcc,2022-06-06,2022-01-25,541 Menomonie Junction,4
38,Even,,Judge,978-903-8517,ejudge11,ejudge11@tripod.com,c2626cb17d3aefe1a0562276fb51d33bbfa23b8a9d5e1c579774615ac373f120,2022-08-07,2022-11-12,4084 Weeping Birch Junction,1
39,Gaye,,Cordall,837-370-7031,gcordall12,gcordall12@tripadvisor.com,e54b3f3de0c7b557e15fde73cb8a08db8b49c7f4b9d8663dc8bffe0a18b115c1,2021-11-19,2022-05-04,7 Grover Terrace,12
40,Munroe,,Slane,525-368-9953,mslane13,mslane13@dedecms.com,09bc7315321f821d4e94c8c3dd5cfd5744d8d6a209f7e2c8994fff853611ce73,2022-09-23,2022-03-31,9792 Ilene Court,13
41,Lynn,,Dand,509-826-1928,ldand14,ldand14@360.cn,17e951a300cdbb62152e5ae5f856235d64c8cb25b2f217a3dfdb4a44686c742b,2022-04-06,2022-02-19,923 Mesta Way,14
42,Sigmund,,Osgodby,799-474-4512,sosgodby15,sosgodby15@printfriendly.com,4e87e527ae0302ed86c37b3dc698a3f09d1d8de9c28a29f1a9ff39f717048561,2021-12-09,2022-10-04,1 Havey Trail,14
43,Emory,,Walklate,860-388-7245,ewalklate16,ewalklate16@cdc.gov,147d434a0bc10750e4041394dadc8ddc1ea79ec63fd5ad73eab74c0c8fec3a46,2022-07-14,2022-05-05,85 Kinsman Point,7
44,Ewan,,Lorden,337-181-2184,elorden17,elorden17@bandcamp.com,01cd9c08d0e291e5f1108eac511cad26015920c75217689bb8e3755f4e958637,2022-07-16,2022-03-22,530 Briar Crest Parkway,7
45,William,,Lethley,173-349-0335,wlethley18,wlethley18@elpais.com,b48cb844b3341c0c3855203fdb80f064e06f720e523c1afbf24b5eec8f8acdc7,2022-06-08,2022-07-18,83640 Eliot Road,10
46,Aubert,,Bostock,728-172-9163,abostock19,abostock19@quantcast.com,897f7769e2ca398ee8662e6928797e4daa1f7ec394c6c9b923b7cc1d6d9337e5,2022-09-21,2022-02-15,7 Redwing Plaza,3
47,Gan,,Tejero,640-475-2349,gtejero1a,gtejero1a@va.gov,8e7a7a0d80f52762a33dafde598211340f2a5c98633aab669cb05e2a48e478a2,2021-11-29,2022-10-15,1 Prentice Drive,13
48,Jacklin,,Bools,863-996-2064,jbools1b,jbools1b@csmonitor.com,2b3a9b90dc21e3381c4bb5e4f856f66ed5f2f54da1c6dc81ac683eb07b99ee2b,2022-06-29,2022-07-21,35473 Center Street,2
49,Reagen,,Love,284-468-5135,rlove1c,rlove1c@nyu.edu,19463173dd6a4c887b98d965e2fb3ccbf8f4bf26de5849d6ba781b5e6ab88cc3,2022-10-12,2022-04-11,3 North Lane,12
50,Karilynn,,Harraway,735-879-1511,kharraway1d,kharraway1d@admin.ch,6ede02238e29f71282635ea01e261327cb4c1b811448e00bae44791522b34d93,2022-03-15,2021-12-31,0 Kinsman Street,7
51,Noach,,Soule,219-536-5067,nsoule1e,nsoule1e@soup.io,d8c97a1c5836a2b16d59326c291d58eeee0a4c4b87296cc608df60d59c524751,2022-10-23,2022-08-14,9 Burrows Court,3
52,Petra,,Tunstall,522-935-9287,ptunstall1f,ptunstall1f@umich.edu,749a616f9746cef93c801e6f3c9d3c18084d6bd20da7343cf1b7bfd730f9690e,2022-02-14,2022-08-03,28 Morning Road,15
53,Pedro,,Statton,733-392-1450,pstatton1g,pstatton1g@si.edu,1b59dea488c5c600889240a4d774554b4b6b1da06a93b120d403c904ac39a60e,2022-01-25,2022-06-21,49 Dayton Pass,1
54,Hale,,Britt,476-672-7068,hbritt1h,hbritt1h@paginegialle.it,065bd6cb237f5460e545917dd7b80636394b88585e4824770bd783459b70ea3e,2022-07-05,2021-12-14,98377 Meadow Vale Park,6
55,Karee,,Allmen,863-386-8940,kallmen1i,kallmen1i@wp.com,4205c0397697e578247b719e64f090fe4e006e766ddc7b961fd07f96937c703c,2022-05-10,2022-09-11,216 Stephen Plaza,11
56,Rickie,,Dincey,452-722-8844,rdincey1j,rdincey1j@w3.org,0719c5edb98bc9ee82c415514de0a7a79e459cee06e5620c54fa8a77857ae7d1,2022-04-18,2022-08-30,6 Rieder Center,14
57,Kaspar,,Oughtright,169-809-4560,koughtright1k,koughtright1k@live.com,07453d14a52b5cdbfeb8b8629c31406bc9d9891592ef606feb922fc4dfc221de,2022-07-03,2022-10-01,8 Burrows Center,6
58,Lowrance,,Fairholme,549-686-2121,lfairholme1l,lfairholme1l@dell.com,1d4cb5fd0733f6298930f212f542b04d2d3cbbc354ef5b16f5869585b2392721,2022-07-12,2021-12-24,6241 Sutherland Park,10
59,Warren,,Spada,924-110-6592,wspada1m,wspada1m@dropbox.com,d556dc25845b1dac224f523ee283597420f7b679b50f1183a224f48df61b6fc8,2022-06-13,2022-04-12,73 American Terrace,13
60,Myrtia,,Capper,288-393-5737,mcapper1n,mcapper1n@smh.com.au,834960b3b47b7773f59d4b9904d7be36cf7a052ae6b3a57262655c94192d3dae,2022-03-08,2022-01-03,15 Manley Court,14
61,Ewell,,Petticrow,765-848-8702,epetticrow1o,epetticrow1o@zimbio.com,244a84b9bef8a63997f4d2bf56ed949913973f2a4ed264f6c0c9c9ee79980440,2022-02-04,2022-07-13,19 Little Fleur Plaza,2
62,Lilllie,,Buddle,320-379-8975,lbuddle1p,lbuddle1p@wikipedia.org,1ab580cef8b53938fa98b6b6b59823e8eab6a7b37f3cfcfdd94f5530cfdd95a0,2022-02-20,2022-08-14,7991 7th Terrace,11
63,Mireielle,,Jurca,699-930-8246,mjurca1q,mjurca1q@123-reg.co.uk,64fa1f5dec4c3c470347c3bdb0b6dd06a5549ad3cdf7ec59e9796b3b1e13b149,2022-04-18,2021-12-26,74756 Pennsylvania Court,14
64,Darell,,Atto,884-792-3711,datto1r,datto1r@guardian.co.uk,10cc443276ba7e2f6acfa78dad6880825ff64c1d26568e51e596788d5cf8f930,2022-09-03,2021-11-14,8938 Pankratz Avenue,9
65,Leonardo,,Barense,550-853-9866,lbarense1s,lbarense1s@independent.co.uk,09c3f1e4f3c1f27224799f028128e2cc0ab4e9fce011340fa97e381078f7266f,2022-05-13,2022-05-26,9 John Wall Crossing,11
66,Addia,,Dockrell,961-941-7931,adockrell1t,adockrell1t@weibo.com,ab280cbde1fb9837f6d4f78b96ce4feee05de734e121c1c412bce6809055d137,2022-02-06,2022-06-02,7 Merrick Avenue,5
67,Lannie,,Broggelli,790-584-7904,lbroggelli1u,lbroggelli1u@bloomberg.com,3ec9de9d37fbe13326c7f45aa384d047d1eddcba2a185d5d6c6cdda59a74ece1,2022-03-28,2022-08-25,733 Welch Plaza,15
68,Michal,,O' Dooley,271-287-9619,modooley1v,modooley1v@aol.com,d555ff81deb4ef3e8354708b6890e465e73e51b2073f346795c55d6e990c921e,2022-08-27,2022-06-06,13 1st Crossing,6
69,Barrie,,Meiningen,980-685-3728,bmeiningen1w,bmeiningen1w@discovery.com,535637e7e0ab18dd4136d5da814e09af3d65258de049bc509e1f77951189e9f8,2021-11-18,2022-07-25,82336 Bunker Hill Drive,13
70,Miguel,,Dennehy,238-857-4586,mdennehy1x,mdennehy1x@facebook.com,ac057646be992eb56b4acfcbcf2f5f15948957b43103c9745d263edab0993a72,2022-10-05,2022-01-05,78749 Mallory Junction,2
71,Grenville,,Escala,404-499-5201,gescala1y,gescala1y@themeforest.net,0de5604e15d478e84ece438d26204ee632f483055d57865e44d1b11b433813f2,2022-09-29,2021-11-15,26228 Clyde Gallagher Circle,15
72,Lyman,,Borrel,109-553-3184,lborrel1z,lborrel1z@accuweather.com,8df5607f940a3afae8a88c7409a17612b6fd4f253669d1ae1e5af9f471f3fa04,2021-12-23,2022-09-08,42 Darwin Road,7
73,Viole,,Sadler,487-215-4027,vsadler20,vsadler20@biblegateway.com,6e158d8bb5a6598d89de2dacc5a6751b221c0ff16d19cfc987cdc2f4dbe02845,2022-08-02,2022-02-05,4859 Village Center,5
74,Fee,,Guymer,345-818-4499,fguymer21,fguymer21@java.com,2c9c08b5aaa83fd07d5e1987bcc4f8e7a19fcd74016f43a628b4d3dbec66da2e,2021-12-16,2022-10-12,68036 Towne Plaza,8
75,Felisha,,Housbey,968-784-2483,fhousbey22,fhousbey22@cnet.com,5a7b5d17ac6e35c484c3cf096e0e5d338539ee63258a70175005d87e5f3c6dc0,2022-07-23,2021-12-01,78 Twin Pines Pass,14
76,Elijah,,Blacksell,623-754-1374,eblacksell23,eblacksell23@rediff.com,ea52fb96688c55b9e8cfea68ace129876f705d3cfc9aea1c21b63271d530b0f4,2021-11-30,2022-04-11,66 Orin Place,14
77,Itch,,Strickler,725-519-0904,istrickler24,istrickler24@adobe.com,60b7c3ef75902a03f33d9c00aa4ee4fff71df23710527ecd0f6499bbfc003038,2022-08-28,2021-12-10,7118 Kingsford Circle,7
78,Caril,,Brisse,741-683-6349,cbrisse25,cbrisse25@hugedomains.com,f185e071d499215edceb86bdc32ac9d0b52fc31a49ec2c33c13fc3c7f5896f51,2022-08-29,2022-06-29,342 Westridge Avenue,2
79,Boris,,Tomasutti,839-802-6057,btomasutti26,btomasutti26@ow.ly,003b203b2d46d46e398f99c02fa511866670850c20d68afb164befbe5c00b903,2022-07-14,2022-03-14,794 Fairfield Hill,14
80,Devan,,Lang,155-718-2800,dlang27,dlang27@so-net.ne.jp,da32d256d32707ee06d686758137fea39eb426449bd2ed4a70798bbc85d56a70,2022-06-14,2022-07-25,0 Starling Circle,13
81,Lorrin,,De Mitri,373-161-2941,ldemitri28,ldemitri28@vkontakte.ru,4fdc2e23fd5188b0af7f1b155a93d1c8f49d901459b9a2f6dc48db81d303a98a,2022-10-17,2022-08-02,75 Mayfield Court,13
82,Hendrika,,Androli,732-758-9958,handroli29,handroli29@pbs.org,015fca75efe313236b5fde225430316a174196596dede33f17b4e5ac4283c264,2021-12-19,2021-12-28,8 Glendale Terrace,2
83,Gayler,,Redford,390-619-9445,gredford2a,gredford2a@surveymonkey.com,09c395d09fdcb350f1920e24b76ee7f4f18e8a123013b09d9c12429fa2effecb,2022-02-20,2022-09-21,8462 Sheridan Street,12
84,Blinni,,Whanstall,392-463-7766,bwhanstall2b,bwhanstall2b@prnewswire.com,2e959cd54a7d30bfb527455901ca4f9b047b9ec41e9154030403a6d8bb34d0e5,2021-12-18,2022-09-06,04320 Claremont Parkway,14
85,Bernhard,,Poplee,996-308-3973,bpoplee2c,bpoplee2c@senate.gov,cc380e6f2793907954694d47ee9fbd917c7bc644722a1c32b4c8b0ce6bd9f9d4,2021-12-18,2022-03-13,17 Burrows Trail,1
86,Alberta,,Leathes,623-534-8960,aleathes2d,aleathes2d@house.gov,64fdc66e8c9f4e31e616aba9591eedd794fcab97ec6d894cde04e8adba3fa5b4,2022-01-01,2022-09-05,946 Jackson Avenue,14
87,Manfred,,Alwin,884-609-3288,malwin2e,malwin2e@shop-pro.jp,ac2aa9f9a3b3eadd158d0ea112fbf06529118d7613a2adffe5ee8ab4bf28951d,2021-12-27,2021-11-14,7992 Derek Point,12
88,Alister,,Cookman,608-183-2273,acookman2f,acookman2f@nsw.gov.au,b34b21f0390ca324a327fb94894b159000661906b9cc8b82c535a30f4c39c4b1,2022-03-28,2022-05-12,7 Cambridge Drive,13
89,Happy,,Bouttell,516-709-0484,hbouttell2g,hbouttell2g@purevolume.com,73e13597865d2401e8d22bbf49823040fd2cc101cddfe8e962c8681bdfa2eeef,2022-03-30,2022-06-29,47577 Crest Line Hill,10
90,Kory,,Postin,164-861-3543,kpostin2h,kpostin2h@sphinn.com,c6978a38d4cae9ce7f430c4d573f75ca8b00524f5da7de87fb139252c09957c0,2022-01-24,2022-09-02,11 Declaration Road,14
91,Ophelie,,Colthard,114-486-7196,ocolthard2i,ocolthard2i@networkadvertising.org,b62968a4bb0d4963245913468e1562a6af243c95bb089ced5ef9af86c61d3add,2022-07-22,2022-10-12,460 Caliangt Pass,6
92,Janean,,Blemings,209-239-6230,jblemings2j,jblemings2j@cmu.edu,c9bdb3e9a0455a72d8dfd88a953d88d7fbcba9a0904660a83599ad220adb70b2,2022-07-05,2022-04-30,4989 Jenna Court,2
93,Trace,,Fairney,858-880-0052,tfairney2k,tfairney2k@list-manage.com,e042e19ba2e2b6549a0c721fc5af651e3c84ae6d826077c60d9daa7cbded3c25,2022-09-25,2022-07-09,9 Riverside Junction,4
94,Phyllida,,Twamley,843-798-0914,ptwamley2l,ptwamley2l@ehow.com,01213b0c5d8a0dcef1a8ffa5b0438673e3a537df0ba4c62cbbe653fb0b7b1b76,2022-08-05,2022-04-10,7 Sommers Lane,14
95,Verine,,Coale,925-492-5366,vcoale2m,vcoale2m@wordpress.org,420f364511606ded82b0f68330c62bc3e996d2bb149fcc7985dd371076544db5,2022-09-30,2022-05-06,297 Sycamore Parkway,11
96,Connie,,Glendinning,558-764-9926,cglendinning2n,cglendinning2n@accuweather.com,414e332ae93adcc3cd6acbb9a3a96bf2045ed883d867f5bbddf0dbf83e71982a,2022-04-29,2022-07-08,00 Bonner Street,10
97,Thane,,Priscott,517-216-5614,tpriscott2o,tpriscott2o@blogspot.com,127b5e6edff330735787b2828ff99b45e5b34acfc623167e35dd4d21598217eb,2022-09-28,2022-08-05,6524 Eastwood Center,13
98,Tan,,Shewery,745-922-2822,tshewery2p,tshewery2p@phpbb.com,eb12c72ea88dfa736af2ab65bf93e940d62e83d64d1ac15be55de47e7fa50d1b,2022-01-16,2022-10-16,1 Stang Point,1
99,Neysa,,Issitt,891-863-3133,nissitt2q,nissitt2q@google.co.uk,e314a4893d9264d651febefbfea5ccf75e97c493b83310478cc3217f3b2eb124,2022-10-26,2022-03-18,46605 Marcy Alley,10
100,Glenda,,Hoodlass,398-264-9681,ghoodlass2r,ghoodlass2r@google.co.uk,ab4c09e08e3c9e7145f3dc30dacc4833d6aa103efa4ae04ac2fa9985df8aa22b,2022-09-01,2022-11-03,646 Mitchell Lane,1
